ALTER SEQUENCE address_id_seq RESTART WITH 1;
INSERT INTO address (street, city, zip) VALUES
('Maple Street', 'Springfield', '12345'),
('234 Oak Avenue', 'Greenville', '23456'),
('345 Pine Lane', 'Franklin', '34567'),
('456 Birch Drive', 'Bristol', '45678'),
('567 Cedar Blvd', 'Clinton', '56789'),
('678 Elm Street', 'Fairview', '67890'),
('789 Walnut Avenue', 'Salem', '78901'),
('890 Chestnut Road', 'Madison', '89012'),
('901 Redwood Circle', 'Georgetown', '90123'),
('1012 Magnolia Court', 'Rivertown', '10123'),
('1123 Willow Way', 'Easton', '11234'),
('1234 Maple Grove', 'Kingston', '12345'),
('1345 Sycamore Terrace', 'Lexington', '13456'),
('1456 Aspen Place', 'Springfield', '14567'),
('1567 Hickory Street', 'Arcadia', '15678'),
('1678 Spruce Avenue', 'Mayberry', '16789'),
('1789 Dogwood Drive', 'Brookfield', '17890'),
('1890 Poplar Lane', 'Cedarville', '18901'),
('1901 Beech Street', 'Oakland', '19012');

INSERT INTO person (address_id, social_security_number, first_name, last_name, phone_no, email) VALUES
(1, '123-45-6789', 'Firdovsi', 'Abasov', '555-0101', 'john.doe@example.com'),
(2, '234-56-7890', 'Elchin', 'Abasov', '555-0102', 'jane.smith@example.com'),
(3, '345-67-8901', 'Heydar', 'Abasov', '555-0103', 'james.johnson@example.com'),
(4, '456-78-9012', 'Ibrahim', 'Hüseynov', '555-0104', 'emily. johnson @example.com'),
(5, '567-89-0123', 'Maryam', 'Hüseynov', '555-0105', 'michael.brown@example.com'),
(6, '678-90-1234', 'Cengiz', 'Hüseynov', '555-0106', 'jessica.taylor@example.com'),
(7, '789-01-2345', 'William', 'Brown', '555-0107', 'william.anderson@example.com'),
(8, '890-12-3456', 'Olivia', 'Brown', '555-0108', 'olivia.harris@example.com'),
(9, '901-23-4567', 'Ethan', 'Lopez', '555-0109', 'ethan.lopez@example.com'),
(10, '012-34-5678', 'Sophia', 'Lopez', '555-0110', 'sophia.martinez@example.com'),
(11, '123-45-6789', 'Alexander', 'Hernandez', '555-0111', 'alex.hernandez@example.com'),
(12, '234-56-7890', 'Amelia', 'Hernandez', '555-0112', 'amelia.moore@example.com'),
(13, '345-67-8901', 'Daniel', 'Jackson', '555-0113', 'daniel.jackson@example.com'),
(14, '456-78-9012', 'Grace', 'Jackson', '555-0114', 'grace.thompson@example.com'),
(15, '567-89-0123', 'Lucas', 'Green', '555-0115', 'lucas.white@example.com'),
(16, '678-90-1234', 'Zoe', 'Harris', '555-0116', 'zoe.harris@example.com'),
(17, '789-01-2345', 'Benjamin', 'Lee', '555-0117', 'benjamin.lee@example.com'),
(18, '890-12-3456', 'Mia', 'Gonzalez', '555-0118', 'mia.gonzalez@example.com'),
(19, '901-23-4567', 'Noah', 'Wilson', '555-0119', 'noah.wilson@example.com'),
(1, '012-34-5678', 'Emma', 'Martinez', '555-0120', 'emma.martinez@example.com'),
(7, '123-45-6789', 'Aiden', 'Anderson', '555-0121', 'aiden.anderson@example.com'),
(5, '234-56-7890', 'Chloe', 'Thomas', '555-0122', 'chloe.thomas@example.com'),
(5, '345-67-8901', 'Liam', 'Jackson', '555-0123', 'liam.jackson@example.com'),
(4, '456-78-9012', 'Charlotte', 'Charlton', '555-0124', 'charlotte.lopez@example.com'),
(2, '567-89-0123', 'Jacob', 'Abdi', '555-0125', 'jacob.gonzalez@example.com'),
(3, '678-90-1234', 'Ava', 'Lee', '555-0126', 'ava.lee@example.com'),
(13, '789-01-2345', 'Matthew', 'Jones', '555-0127', 'matthew.hernandez@example.com'),
(12, '890-12-3456', 'Harper', 'Wilson', '555-0128', 'harper.wilson@example.com'),
(11, '901-23-4567', 'Jack', 'White', '555-0129', 'jack.white@example.com'),
(16, '012-34-5678', 'Isabella', 'Thompson', '555-0130', 'isabella.thompson@example.com'),
(1, '102-35-6789', 'Ethan', 'Miller', '555-0131', 'ethan.miller@example.com'),
(2, '103-46-7890', 'Sophia', 'Mugumbu', '555-0132', 'sophia.martinez@example.com'),
(3, '104-57-8901', 'Mason', 'Harris', '555-0133', 'mason.harris@example.com'),
(4, '105-68-9012', 'Emily', 'Lewis', '555-0134', 'emily.lewis@example.com'),
(5, '106-79-0123', 'Olivia', 'Clark', '555-0135', 'olivia.clark@example.com'),
(6, '107-80-1234', 'James', 'Robinson', '555-0136', 'james.robinson@example.com'),
(7, '108-91-2345', 'Amelia', 'Walker', '555-0137', 'amelia.walker@example.com'),
(8, '109-02-3456', 'Benjamin', 'Young', '555-0138', 'benjamin.young@example.com'),
(9, '110-13-4567', 'Abigail', 'King', '555-0139', 'abigail.king@example.com'),
(10, '111-24-5678', 'William', 'Wright', '555-0140', 'william.wright@example.com'),
(11, '112-35-6789', 'Ella', 'Lopez', '555-0141', 'ella.lopez@example.com'),
(12, '113-46-7890', 'Michael', 'Hill', '555-0142', 'michael.hill@example.com'),
(13, '114-57-8901', 'Emma', 'Scott', '555-0143', 'emma.scott@example.com'),
(14, '115-68-9012', 'Alexander', 'Green', '555-0144', 'alexander.green@example.com'),
(15, '116-79-0123', 'Mia', 'Adams', '555-0145', 'mia.adams@example.com'),
(16, '117-80-1234', 'Daniel', 'Baker', '555-0146', 'daniel.baker@example.com'),
(17, '118-91-2345', 'Grace', 'Gonzalez', '555-0147', 'grace.gonzalez@example.com'),
(18, '119-02-3456', 'Noah', 'Nelson', '555-0148', 'noah.nelson@example.com'),
(19, '120-13-4567', 'Sophie', 'Carter', '555-0149', 'sophie.carter@example.com'),
(19, '121-24-5678', 'Lucas', 'Mitchell', '555-0150', 'lucas.mitchell@example.com');

INSERT INTO instrument_details (name, price, type) VALUES
('Yamaha C40 Classical Guitar', '139.99', 'Guitar'),
('Fender American Stratocaster', '1199.99', 'Guitar'),
('Steinway & Sons Model D', '155000.00', 'Piano'),
('Yamaha YTR-2330 Standard Bb Trumpet', '1049.00', 'Brass'),
('Pearl RS525SCC706 Roadshow 5-Piece Drum Set', '499.99', 'Percussion'),
('Yamaha YAS-280 Saxophones', '2123.99', 'Woodwind'),
('Roland TD-1DMK V-Drums', '699.99', 'Electronic Percussion'),
('Kawai K-15 Upright Piano', '4995.00', 'Piano'),
('Buffet Crampon B12 Clarinet', '629.00', 'Woodwind'),
('Cecilio 4/4CEVN-2BK Electric Violin', '129.99', 'String');

INSERT INTO instrument (instrument_detail_id) VALUES
(1), (2), (3), (4), (5), (6), (7), (8), (9), (10),
(1), (2), (3), (4), (5), (6), (7), (8), (9), (10);

INSERT INTO student (person_id, instrument_id_1, instrument_id_2) VALUES
(1, 1, null),
(2, 2, null),
(3, 3, null),
(4,  4, null),
(5,  5, null),
(6,  6, null),
(7, 7, null),
(8,  8, null),
(9,  9, null),
(10,  10, null),
(11,  11, null),
(12,  12, null),
(13,  13, null),
(14, 14, null),
(15,  15, null),
(16,  16, null),
(17,  17, null),
(18,  18, null),
(19, 19, null),
(20,  20, null),
(21, 1, null),
(22, 2, null),
(23, 3, null),
(24, 4, null),
(25, 5, null),
(26, 6, null),
(27, 7, null),
(28, 8, null),
(29, 9, null),
(30, 10, null),
(31, 11, null),
(32, 12, null),
(33, 13, null),
(34, 14, null),
(35, 15, null),
(36, 16, null),
(37, 17, null),
(38, 18, null),
(39, 19, null),
(40, 20, null);
INSERT INTO student_siblings (student_id, sibling_id) 
OVERRIDING SYSTEM VALUE 
VALUES
(1, 2),
(1, 3),
(2, 1),
(2, 3),
(3, 1),
(3, 2),

(4, 5),
(4, 6),
(5, 4),
(5, 6),
(6, 4),
(6, 5),
(7, 8), 
(8, 7), 


(9, 10), 
(10, 9), 


(11, 12),
(12, 11), 


(13, 14), 
(14, 13), 


(19, 29), 
(29, 19), 


(17, 26), 
(26, 17), 


(16, 33),
(33, 16); 

INSERT INTO instrument_rental (instrument_id, student_id, start_date, end_date, is_returned) VALUES
(1, 1, '2023-01-01', NULL, FALSE),
(2, 2, '2023-01-02', NULL, FALSE),
(3, 3, '2023-01-03', NULL, FALSE),
(4, 4, '2023-01-04', NULL, FALSE),
(5, 5, '2023-01-05', NULL, FALSE),
(6, 6, '2023-01-06', NULL, FALSE),
(7, 7, '2023-01-07', NULL, FALSE),
(8, 8, '2023-01-08', NULL, FALSE),
(9, 9, '2023-01-09', NULL, FALSE),
(10, 10, '2023-01-10', NULL, FALSE),
(11, 11, '2023-01-11', NULL, FALSE),
(12, 12, '2023-01-12', NULL, FALSE),
(13, 13, '2023-01-13', NULL, FALSE),
(14, 14, '2023-01-14', NULL, FALSE),
(15, 15, '2023-01-15', NULL, FALSE),
(16, 16, '2023-01-16', NULL, FALSE),
(17, 17, '2023-01-17', NULL, FALSE),
(18, 18, '2023-01-18', NULL, FALSE),
(19, 19, '2023-01-19', NULL, FALSE),
(20, 20, '2023-01-20', NULL, FALSE);

INSERT INTO instructor (person_id) VALUES
(41),
(42),
(43),
(44),
(45),
(46),
(47),
(48),
(49),
(50);


INSERT INTO instructor_availability (instructor_id, weekday, start_time, end_time, is_available) VALUES
(1, 'Tuesday', '2023-01-02 09:00:00', '2023-01-02 11:00:00', TRUE),
(2, 'Wednesday', '2023-01-03 10:00:00', '2023-01-03 12:00:00', TRUE),
(3, 'Thursday', '2023-01-04 08:00:00', '2023-01-04 10:00:00', TRUE),
(4, 'Friday', '2023-01-05 09:00:00', '2023-01-05 11:00:00', TRUE),
(5, 'Monday', '2023-01-01 14:00:00', '2023-01-01 16:00:00', TRUE),
(6, 'Tuesday', '2023-01-02 13:00:00', '2023-01-02 15:00:00', TRUE),
(7, 'Wednesday', '2023-01-03 12:00:00', '2023-01-03 14:00:00', TRUE),
(8, 'Thursday', '2023-01-04 10:00:00', '2023-01-04 12:00:00', TRUE),
(10, 'Thursday', '2023-01-04 10:00:00', '2023-01-04 12:00:00', TRUE),
(9, 'Friday', '2023-01-05 08:00:00', '2023-01-05 10:00:00', TRUE);

INSERT INTO instructor_instruments (instructor_id, instrument_id) VALUES
(1, 1),
(2, 2),
(3, 3),
(4, 4),
(5, 5),
(6, 6),
(7, 7),
(8, 8),
(9, 9),
(10, 10);

INSERT INTO parent_contact_info (student_id, parent_first_name, parent_last_name, phone_no) VALUES
(1, 'Sarah', 'Doe', '555-0204'),
(2, 'David', 'Smith', '555-0205'),
(3, 'Angela', 'Johnson', '555-0206'),
(1, 'Mark', 'Davis', '555-0207'),
(4, 'Angela', 'Johnson', '555-0206');


INSERT INTO pricing_scheme (lesson_type, lesson_level, price, sibling_discount) VALUES
('Individual Lesson', 'Beginner', 30.0, 0.1),
('Individual Lesson', 'Intermediate', 35.0, 0.2),
('Individual Lesson', 'Advanced', 40.0, 0.25),
('Group Lesson', 'Beginner ', 25.0, 0.15),
('Group Lesson', 'Intermediate', 20.0, 0.15),
('Group Lesson', 'Advanced', 25.0, 0.15),
('Ensemble', 'Beginner', 15.0, 0.1),
('Ensemble', ' Intermediate ', 15.0, 0.1),
('Ensemble', 'Advanced', 18.0, 0.1);


INSERT INTO lesson (pricing_scheme_id, instructor_id, time, date, location) VALUES 
(1, 1, '2020-12-01 10:00:00', '2020-12-01', 'Room 201'),
(2, 2, '2020-12-15 11:00:00', '2020-12-15', 'Room 202'),
(3, 3, '2020-12-20 12:00:00', '2020-12-20', 'Room 203'),
(4, 4, '2021-01-05 13:00:00', '2021-01-05', 'Room 204'),
(5, 5, '2021-01-18 14:00:00', '2021-01-18', 'Room 205'),
(6, 6, '2021-02-01 15:00:00', '2021-02-01', 'Room 206'),
(7, 7, '2021-02-15 16:00:00', '2021-02-15', 'Room 207'),
(8, 8, '2021-03-01 17:00:00', '2021-03-01', 'Room 208'),
(9, 9, '2021-03-15 18:00:00', '2021-03-15', 'Room 209'),
(1, 10, '2021-04-01 19:00:00', '2021-04-01', 'Room 210'),
(2, 1, '2021-04-15 08:00:00', '2021-04-15', 'Room 211'),
(3, 2, '2021-05-01 09:00:00', '2021-05-01', 'Room 212'),
(4, 3, '2021-05-15 10:00:00', '2021-05-15', 'Room 213'),
(5, 4, '2021-06-01 11:00:00', '2021-06-01', 'Room 214'),
(6, 5, '2021-06-15 12:00:00', '2021-06-15', 'Room 215'),
(7, 6, '2021-07-01 13:00:00', '2021-07-01', 'Room 216'),
(8, 7, '2021-07-15 14:00:00', '2021-07-15', 'Room 217'),
(9, 8, '2021-08-01 15:00:00', '2021-08-01', 'Room 218'),
(1, 9, '2021-08-15 16:00:00', '2021-08-15', 'Room 219'),
(2, 10, '2021-09-01 17:00:00', '2021-09-01', 'Room 220'),
(3, 1, '2021-09-15 18:00:00', '2021-09-15', 'Room 221'),
(4, 2, '2021-10-01 19:00:00', '2021-10-01', 'Room 222'),
(5, 3, '2021-10-15 08:00:00', '2021-10-15', 'Room 223'),
(6, 4, '2021-11-01 09:00:00', '2021-11-01', 'Room 224'),
(7, 5, '2021-11-15 10:00:00', '2021-11-15', 'Room 225'),
(8, 6, '2021-12-01 11:00:00', '2021-12-01', 'Room 226'),
(9, 7, '2021-12-15 12:00:00', '2021-12-15', 'Room 227'),
(2, 9, '2022-01-15 14:00:00', '2022-01-15', 'Room 229'),
(3, 10, '2022-01-30 15:00:00', '2022-01-30', 'Room 230'),
(4, 1, '2022-02-01 08:00:00', '2022-02-01', 'Room 201'),
(5, 2, '2022-02-15 09:00:00', '2022-02-15', 'Room 202'),
(6, 3, '2022-03-01 10:00:00', '2022-03-01', 'Room 203'),
(7, 4, '2022-03-15 11:00:00', '2022-03-15', 'Room 204'),
(8, 5, '2022-04-01 12:00:00', '2022-04-01', 'Room 205'),
(9, 6, '2022-04-15 13:00:00', '2022-04-15', 'Room 206'),
(1, 7, '2022-05-01 14:00:00', '2022-05-01', 'Room 207'),
(2, 8, '2022-05-15 15:00:00', '2022-05-15', 'Room 208'),
(3, 9, '2022-06-01 16:00:00', '2022-06-01', 'Room 209'),
(4, 10, '2022-06-15 17:00:00', '2022-06-15', 'Room 210'),
(5, 1, '2022-07-01 08:00:00', '2022-07-01', 'Room 211'),
(6, 2, '2022-07-15 09:00:00', '2022-07-15', 'Room 212'),
(7, 3, '2023-12-16 10:00:00', '2022-08-01', 'Room 213'),
(8, 4, '2023-12-15 11:00:00', '2022-08-15', 'Room 214'),
(9, 5, '2023-12-17 12:00:00', '2022-09-01', 'Room 215'),
(1, 6, '2023-12-15 13:00:00', '2022-09-15', 'Room 216'),
(2, 7, '2023-12-16 14:00:00', '2022-10-01', 'Room 217'),
(3, 8, '2023-12-15 15:00:00', '2022-10-15', 'Room 218'),
(4, 9, '2023-12-14 16:00:00', '2022-11-01', 'Room 219'),
(5, 10, '2023-12-15 17:00:00', '2022-11-15', 'Room 220'),
(6, 1, '2023-12-17 08:00:00', '2022-12-01', 'Room 221'),
(7, 2, '2023-12-15 09:00:00', '2022-12-15', 'Room 222'),
(8, 3, '2023-12-17 10:00:00', '2023-01-01', 'Room 223'),
(9, 4, '2023-01-15 11:00:00', '2023-01-15', 'Room 224'),
(1, 5, '2023-01-30 12:00:00', '2023-01-30', 'Room 225'),
(3, 7, '2023-02-15 14:00:00', '2023-02-15', 'Room 227'),
(4, 8, '2023-03-01 15:00:00', '2023-03-01', 'Room 228'),
(5, 9, '2023-03-15 16:00:00', '2023-03-15', 'Room 229'),
(6, 10, '2023-04-01 17:00:00', '2023-04-01', 'Room 230'),
(7, 1, '2023-04-15 08:00:00', '2023-04-15', 'Room 201'),
(8, 2, '2023-05-01 09:00:00', '2023-05-01', 'Room 202'),
(9, 3, '2023-05-15 10:00:00', '2023-05-15', 'Room 203'),
(1, 4, '2023-06-01 11:00:00', '2023-06-01', 'Room 204'),
(2, 5, '2023-06-15 12:00:00', '2023-06-15', 'Room 205'),
(3, 6, '2023-07-01 13:00:00', '2023-07-01', 'Room 206'),
(4, 7, '2023-07-15 14:00:00', '2023-07-15', 'Room 207'),
(5, 8, '2023-08-01 15:00:00', '2023-08-01', 'Room 208'),
(6, 9, '2023-08-15 16:00:00', '2023-08-15', 'Room 209'),
(7, 10, '2023-09-01 17:00:00', '2023-09-01', 'Room 210'),
(8, 1, '2023-09-15 08:00:00', '2023-09-15', 'Room 211'),
(9, 2, '2023-10-01 09:00:00', '2023-10-01', 'Room 212'),
(1, 3, '2023-10-15 10:00:00', '2023-10-15', 'Room 213'),
(2, 4, '2023-11-01 11:00:00', '2023-11-01', 'Room 214'),
(3, 5, '2023-11-15 12:00:00', '2023-11-15', 'Room 215'),
(4, 6, '2023-12-01 13:00:00', '2023-12-01', 'Room 216'),
(5, 7, '2023-12-15 14:00:00', '2023-12-15', 'Room 217'),
(6, 8, '2023-02-01 15:00:00', '2023-02-01', 'Room 218'),
(7, 9, '2023-02-15 16:00:00', '2023-02-15', 'Room 219'),
(8, 10, '2023-03-01 17:00:00', '2023-03-01', 'Room 220'),
(9, 1, '2023-03-15 08:00:00', '2023-03-15', 'Room 221'),
(1, 2, '2023-04-01 09:00:00', '2023-04-01', 'Room 222'),
(2, 3, '2023-04-15 10:00:00', '2023-04-15', 'Room 223'),
(3, 4, '2023-05-01 11:00:00', '2023-05-01', 'Room 224'),
(4, 5, '2023-05-15 12:00:00', '2023-05-15', 'Room 225'),
(5, 6, '2023-12-01 13:00:00', '2023-12-01', 'Room 226'),
(6, 7, '2023-12-15 14:00:00', '2023-12-01', 'Room 227'),
(7, 8, '2023-12-01 15:00:00', '2023-12-01', 'Room 228'),
(8, 9, '2023-12-15 16:00:00', '2023-12-01', 'Room 229'),
(9, 10, '2023-12-01 17:00:00', '2023-12-01', 'Room 230'),
(1, 1, '2023-12-15 08:00:00', '2023-12-01', 'Room 201'),
(2, 2, '2023-12-12 09:00:00', '2023-12-01', 'Room 202'),
(3, 3, '2023-02-15 10:00:00', '2023-12-01', 'Room 203'),
(4, 4, '2023-12-01 11:00:00', '2023-12-01', 'Room 204'),
(5, 5, '2023-12-15 12:00:00', '2023-12-01', 'Room 205'),
(6, 6, '2023-12-01 13:00:00', '2023-12-01', 'Room 206'),
(7, 7, '2023-12-15 14:00:00', '2023-12-01', 'Room 207'),
(8, 8, '2023-12-01 15:00:00', '2023-12-01', 'Room 208'),
(9, 9, '2023-12-15 16:00:00', '2023-12-01', 'Room 209'),
(1, 10, '2023-12-01 17:00:00', '2023-12-01', 'Room 210'),
(2, 1, '2023-12-15 08:00:00', '2023-12-01', 'Room 211'),
(3, 2, '2023-12-01 09:00:00', '2023-12-01', 'Room 212');

INSERT INTO individual_lesson (lesson_id, instrument) VALUES 
(1, 'Piano'),
(2, 'Violin'),
(3, 'Guitar'),
(4, 'Flute'),
(5, 'Clarinet'),
(6, 'Saxophone'),
(7, 'Drums'),
(8, 'Cello'),
(9, 'Trumpet'),
(10, 'Harp'),
(11, 'Piano'),
(12, 'Violin'),
(13, 'Guitar'),
(14, 'Flute'),
(15, 'Clarinet'),
(16, 'Saxophone'),
(17, 'Drums'),
(18, 'Cello'),
(19, 'Trumpet'),
(20, 'Harp'),
(21, 'Piano'),
(22, 'Violin'),
(23, 'Guitar'),
(24, 'Flute'),
(25, 'Clarinet'),
(26, 'Saxophone'),
(27, 'Drums'),
(28, 'Cello'),
(29, 'Trumpet'),
(30, 'Harp'),
(31, 'Bass Guitar'),
(32, 'Oboe'),
(33, 'Accordion'),
(34, 'Ukulele'),
(35, 'Trombone'),
(36, 'Tuba'),
(37, 'Mandolin'),
(38, 'Banjo'),
(39, 'Synthesizer'),
(40, 'Electric Guitar'),
(41, 'Bassoon'),
(42, 'Double Bass'),
(43, 'Organ'),
(44, 'Percussion'),
(45, 'Bagpipes'),
(46, 'Viola'),
(47, 'Cajon'),
(48, 'Balalaika'),
(49, 'Sitar'),
(50, 'Tabla'),
(51, 'Bass Guitar'),
(52, 'Oboe'),
(53, 'Accordion'),
(54, 'Ukulele'),
(55, 'Trombone'),
(56, 'Tuba'),
(57, 'Mandolin'),
(58, 'Banjo'),
(59, 'Synthesizer'),
(60, 'Electric Guitar');

INSERT INTO group_lesson (lesson_id, maximum_students, minimum_students) VALUES 
(61, 10, 5),
(62, 8, 4),
(63, 12, 6),
(64, 15, 5),
(65, 10, 3),
(66, 9, 4),
(67, 11, 5),
(68, 8, 3),
(69, 10, 4),
(70, 14, 6),
(71, 12, 5),
(72, 15, 7),
(73, 13, 6),
(74, 10, 4),
(75, 8, 3),
(76, 8, 3),
(77, 10, 4),
(78, 14, 6),
(79, 12, 5),
(80, 15, 7);

INSERT INTO ensemble (lesson_id, maximum_students, minimum_students, genre, instrument) VALUES 
(80, 12, 12, 'Orchestra', 'Violin'),
(81, 4, 2, 'Chamber Music', 'Cello'),
(82, 0, 0, 'Folk', 'Acoustic Guitar'),
(83, 2, 1, 'Pop', 'Keyboard'),
(84, 4, 2, 'Jazz', 'Double Bass'),
(85, 0, 0, 'Rock', 'Drums'),
(86, 3, 1, 'Classical', 'Flute'),
(87, 18, 12, 'Folk', 'Mandolin'),
(88, 3, 2, 'Blues', 'Guitar'),
(89, 14, 13, 'Orchestra', 'Oboe'),
(90, 4, 2, 'Chamber Music', 'Viola'),
(91, 20, 10, 'Jazz', 'Saxophone'),
(92, 4, 2, 'Classical', 'Violin'),
(93, 18, 12, 'Rock', 'Electric Guitar'),
(93, 6, 3, 'Blues', 'Harmonica'),
(94, 5, 3, 'Blues', 'Guitar'),
(95, 6, 13, 'Orchestra', 'Oboe'),
(96, 10, 5, 'Chamber Music', 'Viola'),
(97, 20, 10, 'Jazz', 'Saxophone'),
(98, 15, 8, 'Classical', 'Violin');

INSERT INTO student_lesson (lesson_id, student_id) VALUES 
(1, 1), (2, 2), (3, 3), (4, 4), (5, 5),
(6, 6), (7, 7), (8, 8), (9, 9), (10, 10),
(11, 11), (12, 12), (13, 13), (14, 14), (15, 15),
(16, 16), (17, 17), (18, 18), (19, 19), (20, 20),
(21, 21), (22, 22), (23, 23), (24, 24), (25, 25),
(26, 26), (27, 27), (28, 28), (29, 29), (30, 30),
(31, 31), (32, 32), (33, 33), (34, 34), (35, 35),
(36, 36), (37, 37), (38, 38), (39, 39), (40, 40),
(41, 1), (42, 2), (43, 3), (44, 4), (45, 5),
(46, 6), (47, 7), (48, 8), (49, 9), (50, 10), (51, 11), (52, 12), (53, 13), (54, 14), (55, 15),
(56, 16), (57, 17), (58, 18), (59, 19), (60, 20),
(61, 21), (62, 22), (63, 23), (64, 24), (65, 25),
(66, 26), (67, 27), (68, 28), (69, 29), (70, 30),
(71, 31), (72, 32), (73, 33), (74, 34), (75, 35),
(76, 36), (77, 37), (78, 38), (79, 39), (80, 40),
(81, 1), (82, 2), (83, 3), (84, 4), (85, 5),
(86, 6), (87, 7), (88, 8), (89, 9), (90, 10),
(91, 11), (92, 12), (93, 13), (94, 14), (95, 15),
(96, 16), (97, 17), (98, 18), (99, 19), (100, 20);

